can_number,region_number,can_name,can_vote,region_name
1,100000200000000,朱立倫,"51,581",臺北市士林區
1,100000100000000,朱立倫,"47,931",臺北市北投區
2,100000100000000,蔡英文,"78,971",臺北市北投區
3,100000100000000,宋楚瑜,"14,163",臺北市北投區
1,100000300000000,朱立倫,"19,312",臺北市大同區
2,100000300000000,蔡英文,"45,920",臺北市大同區
3,100000300000000,宋楚瑜,"7,257",臺北市大同區
1,100000400000000,朱立倫,"43,333",臺北市中山區
2,100000400000000,蔡英文,"69,001",臺北市中山區
3,100000400000000,宋楚瑜,"13,195",臺北市中山區
1,100000500000000,朱立倫,"45,353",臺北市松山區
2,100000500000000,蔡英文,"54,812",臺北市松山區
3,100000500000000,宋楚瑜,"11,710",臺北市松山區
1,100000600000000,朱立倫,"57,500",臺北市內湖區
2,100000600000000,蔡英文,"77,297",臺北市內湖區
3,100000600000000,宋楚瑜,"17,327",臺北市內湖區
1,100000700000000,朱立倫,"23,860",臺北市南港區
2,100000700000000,蔡英文,"34,593",臺北市南港區
3,100000700000000,宋楚瑜,"7,703",臺北市南港區
1,100000800000000,朱立倫,"37,911",臺北市萬華區
2,100000800000000,蔡英文,"60,566",臺北市萬華區
3,100000800000000,宋楚瑜,"11,239",臺北市萬華區
2,100000200000000,蔡英文,"93,585",臺北市士林區
3,100000200000000,宋楚瑜,"15,348",臺北市士林區
1,100000900000000,朱立倫,"33,780",臺北市中正區
2,100000900000000,蔡英文,"41,640",臺北市中正區
3,100000900000000,宋楚瑜,"9,015",臺北市中正區
1,100001100000000,朱立倫,"50,633",臺北市信義區
2,100001100000000,蔡英文,"60,817",臺北市信義區
3,100001100000000,宋楚瑜,"13,549",臺北市信義區
1,100001000000000,朱立倫,"69,737",臺北市大安區
2,100001000000000,蔡英文,"76,278",臺北市大安區
3,100001000000000,宋楚瑜,"16,442",臺北市大安區
1,200000100000000,朱立倫,"2,431",新北市石門區
2,200000100000000,蔡英文,"3,199",新北市石門區
3,200000100000000,宋楚瑜,602,新北市石門區
1,200000300000000,朱立倫,"31,080",新北市淡水區
2,200000300000000,蔡英文,"44,551",新北市淡水區
3,200000300000000,宋楚瑜,"9,473",新北市淡水區
1,100001200000000,朱立倫,"65,560",臺北市文山區
2,100001200000000,蔡英文,"63,903",臺北市文山區
3,100001200000000,宋楚瑜,"16,856",臺北市文山區
1,200000500000000,朱立倫,"16,800",新北市林口區
2,200000500000000,蔡英文,"25,267",新北市林口區
3,200000500000000,宋楚瑜,"6,914",新北市林口區
1,200000200000000,朱立倫,"4,428",新北市三芝區
2,200000200000000,蔡英文,"6,182",新北市三芝區
3,200000200000000,宋楚瑜,"1,230",新北市三芝區
1,200000400000000,朱立倫,"6,231",新北市八里區
2,200000400000000,蔡英文,"10,907",新北市八里區
3,200000400000000,宋楚瑜,"2,505",新北市八里區
1,200000700000000,朱立倫,"12,466",新北市五股區
2,200000700000000,蔡英文,"25,832",新北市五股區
3,200000700000000,宋楚瑜,"5,086",新北市五股區
1,200001100000000,朱立倫,"28,553",新北市樹林區
2,200001100000000,蔡英文,"56,357",新北市樹林區
3,200001100000000,宋楚瑜,"11,940",新北市樹林區
1,200000800000000,朱立倫,"25,696",新北市蘆洲區
2,200000800000000,蔡英文,"65,650",新北市蘆洲區
3,200000800000000,宋楚瑜,"11,538",新北市蘆洲區
1,200001200000000,朱立倫,"13,152",新北市鶯歌區
2,200001200000000,蔡英文,"26,487",新北市鶯歌區
3,200001200000000,宋楚瑜,"5,968",新北市鶯歌區
1,200000600000000,朱立倫,"12,190",新北市泰山區
2,200000600000000,蔡英文,"23,671",新北市泰山區
3,200000600000000,宋楚瑜,"4,938",新北市泰山區
1,200000900000000,朱立倫,"58,077",新北市三重區
2,200000900000000,蔡英文,"134,575",新北市三重區
3,200000900000000,宋楚瑜,"24,853",新北市三重區
1,200001300000000,朱立倫,"94,831",新北市板橋區
2,200001300000000,蔡英文,"176,162",新北市板橋區
3,200001300000000,宋楚瑜,"33,649",新北市板橋區
1,200001000000000,朱立倫,"59,249",新北市新莊區
2,200001000000000,蔡英文,"131,027",新北市新莊區
3,200001000000000,宋楚瑜,"26,039",新北市新莊區
1,200001400000000,朱立倫,"93,211",新北市中和區
2,200001400000000,蔡英文,"111,200",新北市中和區
3,200001400000000,宋楚瑜,"28,207",新北市中和區
1,200001500000000,朱立倫,"54,466",新北市永和區
2,200001500000000,蔡英文,"53,214",新北市永和區
3,200001500000000,宋楚瑜,"15,051",新北市永和區
1,200001600000000,朱立倫,"39,199",新北市土城區
2,200001600000000,蔡英文,"71,733",新北市土城區
3,200001600000000,宋楚瑜,"14,898",新北市土城區
1,200001700000000,朱立倫,"17,711",新北市三峽區
2,200001700000000,蔡英文,"30,995",新北市三峽區
3,200001700000000,宋楚瑜,"7,388",新北市三峽區
1,200001800000000,朱立倫,"75,420",新北市新店區
2,200001800000000,蔡英文,"69,922",新北市新店區
3,200001800000000,宋楚瑜,"20,156",新北市新店區
1,200001900000000,朱立倫,"4,582",新北市深坑區
2,200001900000000,蔡英文,"6,702",新北市深坑區
3,200001900000000,宋楚瑜,"1,500",新北市深坑區
1,200002000000000,朱立倫,"1,140",新北市石碇區
2,200002000000000,蔡英文,"2,786",新北市石碇區
3,200002000000000,宋楚瑜,450,新北市石碇區
1,200002100000000,朱立倫,927,新北市坪林區
2,200002100000000,蔡英文,"2,438",新北市坪林區
3,200002100000000,宋楚瑜,300,新北市坪林區
1,200002200000000,朱立倫,"1,156",新北市烏來區
2,200002200000000,蔡英文,"1,295",新北市烏來區
3,200002200000000,宋楚瑜,586,新北市烏來區
1,200002300000000,朱立倫,"3,471",新北市金山區
2,200002300000000,蔡英文,"6,596",新北市金山區
3,200002300000000,宋楚瑜,"1,104",新北市金山區
1,200002400000000,朱立倫,"3,779",新北市萬里區
2,200002400000000,蔡英文,"6,017",新北市萬里區
3,200002400000000,宋楚瑜,"1,245",新北市萬里區
1,200002500000000,朱立倫,"37,513",新北市汐止區
2,200002500000000,蔡英文,"53,546",新北市汐止區
3,200002500000000,宋楚瑜,"12,922",新北市汐止區
1,200002600000000,朱立倫,852,新北市平溪區
2,200002600000000,蔡英文,"1,581",新北市平溪區
3,200002600000000,宋楚瑜,266,新北市平溪區
1,200002700000000,朱立倫,"7,325",新北市瑞芳區
2,200002700000000,蔡英文,"10,874",新北市瑞芳區
3,200002700000000,宋楚瑜,"2,707",新北市瑞芳區
1,200002800000000,朱立倫,"1,713",新北市雙溪區
2,200002800000000,蔡英文,"2,620",新北市雙溪區
3,200002800000000,宋楚瑜,486,新北市雙溪區
1,300000100000000,朱立倫,"22,563",桃園市蘆竹區
2,300000100000000,蔡英文,"43,527",桃園市蘆竹區
3,300000100000000,宋楚瑜,"10,187",桃園市蘆竹區
1,300000200000000,朱立倫,"24,434",桃園市龜山區
2,300000200000000,蔡英文,"39,495",桃園市龜山區
3,300000200000000,宋楚瑜,"10,293",桃園市龜山區
1,300000300000000,朱立倫,"70,295",桃園市桃園區
2,300000300000000,蔡英文,"113,237",桃園市桃園區
3,300000300000000,宋楚瑜,"30,352",桃園市桃園區
1,200002900000000,朱立倫,"1,725",新北市貢寮區
2,200002900000000,蔡英文,"4,502",新北市貢寮區
3,200002900000000,宋楚瑜,485,新北市貢寮區
1,300000400000000,朱立倫,"12,256",桃園市大園區
2,300000400000000,蔡英文,"25,620",桃園市大園區
3,300000400000000,宋楚瑜,"5,800",桃園市大園區
1,300000500000000,朱立倫,"8,193",桃園市觀音區
2,300000500000000,蔡英文,"20,639",桃園市觀音區
3,300000500000000,宋楚瑜,"4,410",桃園市觀音區
1,300000900000000,朱立倫,"40,402",桃園市平鎮區
2,300000900000000,蔡英文,"53,999",桃園市平鎮區
3,300000900000000,宋楚瑜,"17,617",桃園市平鎮區
1,300000600000000,朱立倫,"7,619",桃園市新屋區
2,300000600000000,蔡英文,"15,897",桃園市新屋區
3,300000600000000,宋楚瑜,"3,327",桃園市新屋區
1,300000700000000,朱立倫,"28,747",桃園市楊梅區
2,300000700000000,蔡英文,"37,912",桃園市楊梅區
3,300000700000000,宋楚瑜,"13,569",桃園市楊梅區
1,300000800000000,朱立倫,"76,846",桃園市中壢區
1,300001000000000,朱立倫,"23,696",桃園市龍潭區
2,300001000000000,蔡英文,"27,280",桃園市龍潭區
3,300001000000000,宋楚瑜,"9,226",桃園市龍潭區
1,300001200000000,朱立倫,"15,669",桃園市大溪區
2,300001200000000,蔡英文,"26,959",桃園市大溪區
3,300001200000000,宋楚瑜,"6,010",桃園市大溪區
1,300001300000000,朱立倫,"2,328",桃園市復興區
2,300001300000000,蔡英文,"1,557",桃園市復興區
3,300001300000000,宋楚瑜,856,桃園市復興區
1,300001100000000,朱立倫,"35,965",桃園市八德區
2,300001100000000,蔡英文,"47,708",桃園市八德區
3,300001100000000,宋楚瑜,"13,991",桃園市八德區
1,400000100000000,朱立倫,"11,719",臺中市大甲區
2,400000100000000,蔡英文,"22,919",臺中市大甲區
3,400000100000000,宋楚瑜,"5,086",臺中市大甲區
1,400000200000000,朱立倫,"3,235",臺中市大安區
2,400000200000000,蔡英文,"6,151",臺中市大安區
3,400000200000000,宋楚瑜,"1,148",臺中市大安區
1,400000300000000,朱立倫,"5,685",臺中市外埔區
2,400000300000000,蔡英文,"8,846",臺中市外埔區
3,400000300000000,宋楚瑜,"2,357",臺中市外埔區
1,400000400000000,朱立倫,"12,908",臺中市清水區
2,400000400000000,蔡英文,"27,086",臺中市清水區
3,400000400000000,宋楚瑜,"5,855",臺中市清水區
2,300000800000000,蔡英文,"93,743",桃園市中壢區
3,300000800000000,宋楚瑜,"30,880",桃園市中壢區
1,400000500000000,朱立倫,"7,930",臺中市梧棲區
2,400000500000000,蔡英文,"16,608",臺中市梧棲區
3,400000500000000,宋楚瑜,"4,118",臺中市梧棲區
1,400000600000000,朱立倫,"13,758",臺中市沙鹿區
2,400000600000000,蔡英文,"25,584",臺中市沙鹿區
3,400000600000000,宋楚瑜,"7,596",臺中市沙鹿區
1,400000700000000,朱立倫,"11,931",臺中市龍井區
2,400000700000000,蔡英文,"22,482",臺中市龍井區
3,400000700000000,宋楚瑜,"6,192",臺中市龍井區
1,400000800000000,朱立倫,"9,504",臺中市大肚區
2,400000800000000,蔡英文,"17,025",臺中市大肚區
3,400000800000000,宋楚瑜,"4,955",臺中市大肚區
1,400001200000000,朱立倫,"8,917",臺中市后里區
2,400001200000000,蔡英文,"16,945",臺中市后里區
3,400001200000000,宋楚瑜,"4,479",臺中市后里區
1,400000900000000,朱立倫,"11,211",臺中市烏日區
2,400000900000000,蔡英文,"22,315",臺中市烏日區
3,400000900000000,宋楚瑜,"6,041",臺中市烏日區
1,400001300000000,朱立倫,"9,029",臺中市神岡區
2,400001300000000,蔡英文,"22,808",臺中市神岡區
3,400001300000000,宋楚瑜,"5,048",臺中市神岡區
1,400001400000000,朱立倫,"15,243",臺中市大雅區
2,400001400000000,蔡英文,"26,558",臺中市大雅區
3,400001400000000,宋楚瑜,"7,806",臺中市大雅區
1,400001500000000,朱立倫,"16,451",臺中市潭子區
2,400001500000000,蔡英文,"32,481",臺中市潭子區
3,400001500000000,宋楚瑜,"9,206",臺中市潭子區
1,400001000000000,朱立倫,"10,215",臺中市霧峰區
2,400001000000000,蔡英文,"20,344",臺中市霧峰區
3,400001000000000,宋楚瑜,"6,047",臺中市霧峰區
1,400001100000000,朱立倫,"27,583",臺中市大里區
2,400001100000000,蔡英文,"60,838",臺中市大里區
3,400001100000000,宋楚瑜,"17,039",臺中市大里區
1,400001600000000,朱立倫,"36,346",臺中市西屯區
2,400001600000000,蔡英文,"57,254",臺中市西屯區
3,400001600000000,宋楚瑜,"17,728",臺中市西屯區
1,400001700000000,朱立倫,"25,248",臺中市南屯區
2,400001700000000,蔡英文,"44,025",臺中市南屯區
3,400001700000000,宋楚瑜,"12,945",臺中市南屯區
1,400001800000000,朱立倫,"44,404",臺中市北屯區
2,400001800000000,蔡英文,"70,388",臺中市北屯區
3,400001800000000,宋楚瑜,"22,087",臺中市北屯區
1,400001900000000,朱立倫,"25,723",臺中市北區
2,400001900000000,蔡英文,"39,983",臺中市北區
3,400001900000000,宋楚瑜,"11,973",臺中市北區
1,400002000000000,朱立倫,"18,616",臺中市西區
2,400002000000000,蔡英文,"33,117",臺中市西區
3,400002000000000,宋楚瑜,"8,608",臺中市西區
1,400002100000000,朱立倫,"2,773",臺中市中區
2,400002100000000,蔡英文,"5,162",臺中市中區
3,400002100000000,宋楚瑜,"1,258",臺中市中區
1,400002200000000,朱立倫,"11,681",臺中市東區
2,400002200000000,蔡英文,"23,757",臺中市東區
3,400002200000000,宋楚瑜,"5,968",臺中市東區
1,400002300000000,朱立倫,"18,808",臺中市南區
2,400002300000000,蔡英文,"34,723",臺中市南區
3,400002300000000,宋楚瑜,"9,611",臺中市南區
1,400002400000000,朱立倫,"27,020",臺中市太平區
2,400002400000000,蔡英文,"52,433",臺中市太平區
3,400002400000000,宋楚瑜,"14,912",臺中市太平區
1,400002500000000,朱立倫,"24,950",臺中市豐原區
2,400002500000000,蔡英文,"54,132",臺中市豐原區
3,400002500000000,宋楚瑜,"12,510",臺中市豐原區
1,400002600000000,朱立倫,"2,837",臺中市石岡區
2,400002600000000,蔡英文,"4,699",臺中市石岡區
3,400002600000000,宋楚瑜,"1,149",臺中市石岡區
1,400002700000000,朱立倫,"4,284",臺中市新社區
2,400002700000000,蔡英文,"7,951",臺中市新社區
3,400002700000000,宋楚瑜,"1,789",臺中市新社區
1,400002800000000,朱立倫,"9,909",臺中市東勢區
2,400002800000000,蔡英文,"14,789",臺中市東勢區
3,400002800000000,宋楚瑜,"3,941",臺中市東勢區
1,400002900000000,朱立倫,"2,087",臺中市和平區
2,400002900000000,蔡英文,"1,878",臺中市和平區
3,400002900000000,宋楚瑜,"1,358",臺中市和平區
1,500000100000000,朱立倫,"2,457",臺南市後壁區
2,500000100000000,蔡英文,"9,730",臺南市後壁區
3,500000100000000,宋楚瑜,"1,095",臺南市後壁區
1,500000200000000,朱立倫,"2,973",臺南市白河區
2,500000200000000,蔡英文,"10,796",臺南市白河區
3,500000200000000,宋楚瑜,"1,191",臺南市白河區
1,500000300000000,朱立倫,"1,082",臺南市北門區
2,500000300000000,蔡英文,"4,133",臺南市北門區
3,500000300000000,宋楚瑜,494,臺南市北門區
1,500000500000000,朱立倫,"2,530",臺南市鹽水區
2,500000500000000,蔡英文,"9,726",臺南市鹽水區
3,500000500000000,宋楚瑜,"1,171",臺南市鹽水區
1,500000400000000,朱立倫,"2,437",臺南市學甲區
2,500000400000000,蔡英文,"10,485",臺南市學甲區
3,500000400000000,宋楚瑜,"1,095",臺南市學甲區
1,500000600000000,朱立倫,"9,811",臺南市新營區
2,500000600000000,蔡英文,"24,205",臺南市新營區
3,500000600000000,宋楚瑜,"4,578",臺南市新營區
1,500000900000000,朱立倫,"1,638",臺南市將軍區
2,500000900000000,蔡英文,"8,238",臺南市將軍區
3,500000900000000,宋楚瑜,725,臺南市將軍區
1,500000700000000,朱立倫,"2,252",臺南市柳營區
2,500000700000000,蔡英文,"8,284",臺南市柳營區
3,500000700000000,宋楚瑜,"1,119",臺南市柳營區
1,500000800000000,朱立倫,"2,100",臺南市東山區
2,500000800000000,蔡英文,"7,145",臺南市東山區
3,500000800000000,宋楚瑜,"1,199",臺南市東山區
1,500001000000000,朱立倫,"2,555",臺南市下營區
2,500001000000000,蔡英文,"9,340",臺南市下營區
3,500001000000000,宋楚瑜,"1,066",臺南市下營區
1,500001100000000,朱立倫,"2,107",臺南市六甲區
2,500001100000000,蔡英文,"8,599",臺南市六甲區
3,500001100000000,宋楚瑜,"1,044",臺南市六甲區
1,500001300000000,朱立倫,"1,931",臺南市七股區
2,500001300000000,蔡英文,"9,284",臺南市七股區
3,500001300000000,宋楚瑜,930,臺南市七股區
1,500001200000000,朱立倫,"2,013",臺南市官田區
2,500001200000000,蔡英文,"9,036",臺南市官田區
3,500001200000000,宋楚瑜,943,臺南市官田區
1,500001400000000,朱立倫,"5,976",臺南市佳里區
2,500001400000000,蔡英文,"22,318",臺南市佳里區
3,500001400000000,宋楚瑜,"2,683",臺南市佳里區
1,500001600000000,朱立倫,"4,669",臺南市善化區
2,500001600000000,蔡英文,"17,593",臺南市善化區
3,500001600000000,宋楚瑜,"2,156",臺南市善化區
1,500001700000000,朱立倫,"1,010",臺南市大內區
2,500001700000000,蔡英文,"3,984",臺南市大內區
3,500001700000000,宋楚瑜,524,臺南市大內區
1,500001500000000,朱立倫,"3,734",臺南市麻豆區
2,500001500000000,蔡英文,"19,653",臺南市麻豆區
3,500001500000000,宋楚瑜,"1,778",臺南市麻豆區
1,500001800000000,朱立倫,"2,177",臺南市玉井區
2,500001800000000,蔡英文,"4,204",臺南市玉井區
3,500001800000000,宋楚瑜,926,臺南市玉井區
1,500001900000000,朱立倫,"1,555",臺南市楠西區
2,500001900000000,蔡英文,"2,539",臺南市楠西區
3,500001900000000,宋楚瑜,823,臺南市楠西區
1,500002000000000,朱立倫,"2,188",臺南市西港區
2,500002000000000,蔡英文,"10,347",臺南市西港區
3,500002000000000,宋楚瑜,997,臺南市西港區
1,500002100000000,朱立倫,"3,038",臺南市安定區
2,500002100000000,蔡英文,"12,078",臺南市安定區
3,500002100000000,宋楚瑜,"1,395",臺南市安定區
1,500002200000000,朱立倫,"3,573",臺南市新市區
2,500002200000000,蔡英文,"13,690",臺南市新市區
3,500002200000000,宋楚瑜,"1,780",臺南市新市區
1,500002300000000,朱立倫,828,臺南市山上區
2,500002300000000,蔡英文,"2,833",臺南市山上區
3,500002300000000,宋楚瑜,349,臺南市山上區
1,500002400000000,朱立倫,"5,215",臺南市新化區
2,500002400000000,蔡英文,"15,451",臺南市新化區
3,500002400000000,宋楚瑜,"2,602",臺南市新化區
1,500002500000000,朱立倫,642,臺南市左鎮區
2,500002500000000,蔡英文,"1,840",臺南市左鎮區
3,500002500000000,宋楚瑜,246,臺南市左鎮區
1,500002600000000,朱立倫,"1,199",臺南市南化區
2,500002600000000,蔡英文,"2,597",臺南市南化區
3,500002600000000,宋楚瑜,731,臺南市南化區
1,500002700000000,朱立倫,"17,640",臺南市安南區
2,500002700000000,蔡英文,"70,685",臺南市安南區
3,500002700000000,宋楚瑜,"10,318",臺南市安南區
1,500002800000000,朱立倫,"18,517",臺南市北區
2,500002800000000,蔡英文,"44,062",臺南市北區
3,500002800000000,宋楚瑜,"8,290",臺南市北區
1,500002900000000,朱立倫,"10,281",臺南市中西區
2,500002900000000,蔡英文,"27,170",臺南市中西區
3,500002900000000,宋楚瑜,"4,403",臺南市中西區
1,500003000000000,朱立倫,"7,868",臺南市安平區
2,500003000000000,蔡英文,"20,410",臺南市安平區
3,500003000000000,宋楚瑜,"4,157",臺南市安平區
1,500003100000000,朱立倫,"16,067",臺南市南區
2,500003100000000,蔡英文,"47,589",臺南市南區
3,500003100000000,宋楚瑜,"7,330",臺南市南區
1,500003200000000,朱立倫,"28,606",臺南市東區
2,500003200000000,蔡英文,"57,465",臺南市東區
3,500003200000000,宋楚瑜,"11,509",臺南市東區
1,500003300000000,朱立倫,"27,712",臺南市永康區
2,500003300000000,蔡英文,"76,315",臺南市永康區
3,500003300000000,宋楚瑜,"14,267",臺南市永康區
1,500003400000000,朱立倫,"9,332",臺南市仁德區
2,500003400000000,蔡英文,"27,233",臺南市仁德區
3,500003400000000,宋楚瑜,"4,160",臺南市仁德區
1,500003500000000,朱立倫,"6,961",臺南市歸仁區
2,500003500000000,蔡英文,"26,101",臺南市歸仁區
3,500003500000000,宋楚瑜,"3,333",臺南市歸仁區
1,500003600000000,朱立倫,"3,967",臺南市關廟區
2,500003600000000,蔡英文,"13,807",臺南市關廟區
3,500003600000000,宋楚瑜,"1,763",臺南市關廟區
1,500003700000000,朱立倫,555,臺南市龍崎區
2,500003700000000,蔡英文,"1,643",臺南市龍崎區
3,500003700000000,宋楚瑜,262,臺南市龍崎區
1,600000100000000,朱立倫,862,高雄市桃源區
2,600000100000000,蔡英文,464,高雄市桃源區
3,600000100000000,宋楚瑜,341,高雄市桃源區
1,600000200000000,朱立倫,681,高雄市那瑪夏區
2,600000200000000,蔡英文,373,高雄市那瑪夏區
3,600000200000000,宋楚瑜,163,高雄市那瑪夏區
1,600000300000000,朱立倫,"1,021",高雄市甲仙區
2,600000300000000,蔡英文,"1,678",高雄市甲仙區
3,600000300000000,宋楚瑜,427,高雄市甲仙區
1,600000400000000,朱立倫,"1,617",高雄市六龜區
2,600000400000000,蔡英文,"4,145",高雄市六龜區
3,600000400000000,宋楚瑜,679,高雄市六龜區
1,600000500000000,朱立倫,"1,643",高雄市杉林區
2,600000500000000,蔡英文,"3,660",高雄市杉林區
3,600000500000000,宋楚瑜,557,高雄市杉林區
1,600000600000000,朱立倫,"2,162",高雄市內門區
2,600000600000000,蔡英文,"5,440",高雄市內門區
3,600000600000000,宋楚瑜,853,高雄市內門區
1,600000700000000,朱立倫,"4,942",高雄市旗山區
2,600000700000000,蔡英文,"13,840",高雄市旗山區
3,600000700000000,宋楚瑜,"2,101",高雄市旗山區
1,600000800000000,朱立倫,"6,801",高雄市美濃區
2,600000800000000,蔡英文,"13,471",高雄市美濃區
3,600000800000000,宋楚瑜,"2,496",高雄市美濃區
1,600000900000000,朱立倫,577,高雄市茂林區
2,600000900000000,蔡英文,166,高雄市茂林區
3,600000900000000,宋楚瑜,152,高雄市茂林區
1,600001000000000,朱立倫,"3,133",高雄市阿蓮區
2,600001000000000,蔡英文,"11,280",高雄市阿蓮區
3,600001000000000,宋楚瑜,"1,556",高雄市阿蓮區
1,600001100000000,朱立倫,884,高雄市田寮區
2,600001100000000,蔡英文,"3,250",高雄市田寮區
3,600001100000000,宋楚瑜,446,高雄市田寮區
1,600001200000000,朱立倫,"4,126",高雄市燕巢區
2,600001200000000,蔡英文,"11,445",高雄市燕巢區
3,600001200000000,宋楚瑜,"1,701",高雄市燕巢區
1,600001300000000,朱立倫,"3,985",高雄市大社區
2,600001300000000,蔡英文,"13,663",高雄市大社區
3,600001300000000,宋楚瑜,"2,038",高雄市大社區
1,600001400000000,朱立倫,"5,392",高雄市大樹區
2,600001400000000,蔡英文,"17,115",高雄市大樹區
3,600001400000000,宋楚瑜,"2,069",高雄市大樹區
1,600001500000000,朱立倫,"3,018",高雄市茄萣區
2,600001500000000,蔡英文,"11,172",高雄市茄萣區
3,600001500000000,宋楚瑜,"1,950",高雄市茄萣區
1,600001600000000,朱立倫,"3,386",高雄市湖內區
2,600001600000000,蔡英文,"11,145",高雄市湖內區
3,600001600000000,宋楚瑜,"1,757",高雄市湖內區
1,600001700000000,朱立倫,"6,622",高雄市路竹區
2,600001700000000,蔡英文,"18,661",高雄市路竹區
3,600001700000000,宋楚瑜,"3,154",高雄市路竹區
1,600001800000000,朱立倫,"1,754",高雄市永安區
2,600001800000000,蔡英文,"5,023",高雄市永安區
3,600001800000000,宋楚瑜,889,高雄市永安區
1,600001900000000,朱立倫,"14,645",高雄市岡山區
2,600001900000000,蔡英文,"32,841",高雄市岡山區
3,600001900000000,宋楚瑜,"6,424",高雄市岡山區
1,600002000000000,朱立倫,"2,771",高雄市彌陀區
2,600002000000000,蔡英文,"7,127",高雄市彌陀區
3,600002000000000,宋楚瑜,"1,331",高雄市彌陀區
1,600002100000000,朱立倫,"4,072",高雄市梓官區
2,600002100000000,蔡英文,"14,812",高雄市梓官區
3,600002100000000,宋楚瑜,"1,990",高雄市梓官區
1,600002300000000,朱立倫,"26,817",高雄市楠梓區
2,600002300000000,蔡英文,"57,284",高雄市楠梓區
3,600002300000000,宋楚瑜,"10,566",高雄市楠梓區
1,600002200000000,朱立倫,"4,476",高雄市橋頭區
2,600002200000000,蔡英文,"16,051",高雄市橋頭區
3,600002200000000,宋楚瑜,"1,920",高雄市橋頭區
1,600002400000000,朱立倫,"33,590",高雄市左營區
2,600002400000000,蔡英文,"53,842",高雄市左營區
3,600002400000000,宋楚瑜,"11,838",高雄市左營區
1,600002500000000,朱立倫,"9,011",高雄市仁武區
2,600002500000000,蔡英文,"30,598",高雄市仁武區
3,600002500000000,宋楚瑜,"4,820",高雄市仁武區
1,600002600000000,朱立倫,"6,180",高雄市鳥松區
2,600002600000000,蔡英文,"16,323",高雄市鳥松區
3,600002600000000,宋楚瑜,"2,495",高雄市鳥松區
1,600002700000000,朱立倫,"13,625",高雄市大寮區
2,600002700000000,蔡英文,"40,528",高雄市大寮區
3,600002700000000,宋楚瑜,"6,268",高雄市大寮區
1,600002800000000,朱立倫,"6,982",高雄市林園區
2,600002800000000,蔡英文,"25,904",高雄市林園區
3,600002800000000,宋楚瑜,"3,519",高雄市林園區
1,600002900000000,朱立倫,"21,871",高雄市鼓山區
2,600002900000000,蔡英文,"43,077",高雄市鼓山區
3,600002900000000,宋楚瑜,"7,728",高雄市鼓山區
1,600003000000000,朱立倫,"3,748",高雄市鹽埕區
2,600003000000000,蔡英文,"9,707",高雄市鹽埕區
3,600003000000000,宋楚瑜,"1,386",高雄市鹽埕區
1,600003100000000,朱立倫,"2,906",高雄市旗津區
2,600003100000000,蔡英文,"11,022",高雄市旗津區
3,600003100000000,宋楚瑜,"1,340",高雄市旗津區
1,600003200000000,朱立倫,"49,489",高雄市三民區
2,600003200000000,蔡英文,"122,668",高雄市三民區
3,600003200000000,宋楚瑜,"19,453",高雄市三民區
1,600003300000000,朱立倫,"4,531",高雄市前金區
2,600003300000000,蔡英文,"9,526",高雄市前金區
3,600003300000000,宋楚瑜,"1,569",高雄市前金區
1,600003400000000,朱立倫,"8,346",高雄市新興區
2,600003400000000,蔡英文,"17,932",高雄市新興區
3,600003400000000,宋楚瑜,"2,901",高雄市新興區
1,600003500000000,朱立倫,"28,264",高雄市苓雅區
2,600003500000000,蔡英文,"59,698",高雄市苓雅區
3,600003500000000,宋楚瑜,"10,019",高雄市苓雅區
1,600003600000000,朱立倫,"27,045",高雄市前鎮區
2,600003600000000,蔡英文,"68,743",高雄市前鎮區
3,600003600000000,宋楚瑜,"10,817",高雄市前鎮區
1,600003700000000,朱立倫,"51,865",高雄市鳳山區
2,600003700000000,蔡英文,"116,337",高雄市鳳山區
3,600003700000000,宋楚瑜,"21,593",高雄市鳳山區
1,600003800000000,朱立倫,"18,983",高雄市小港區
2,600003800000000,蔡英文,"55,157",高雄市小港區
3,600003800000000,宋楚瑜,"8,459",高雄市小港區
1,708000100000000,朱立倫,"13,955",宜蘭縣宜蘭市
2,708000100000000,蔡英文,"27,184",宜蘭縣宜蘭市
3,708000100000000,宋楚瑜,"6,244",宜蘭縣宜蘭市
1,708000200000000,朱立倫,"9,209",宜蘭縣羅東鎮
2,708000200000000,蔡英文,"22,361",宜蘭縣羅東鎮
3,708000200000000,宋楚瑜,"4,207",宜蘭縣羅東鎮
1,708000300000000,朱立倫,"4,992",宜蘭縣蘇澳鎮
2,708000300000000,蔡英文,"13,111",宜蘭縣蘇澳鎮
3,708000300000000,宋楚瑜,"2,601",宜蘭縣蘇澳鎮
1,708000400000000,朱立倫,"4,530",宜蘭縣頭城鎮
2,708000400000000,蔡英文,"7,532",宜蘭縣頭城鎮
3,708000400000000,宋楚瑜,"2,205",宜蘭縣頭城鎮
1,708000500000000,朱立倫,"4,801",宜蘭縣礁溪鄉
2,708000500000000,蔡英文,"11,904",宜蘭縣礁溪鄉
3,708000500000000,宋楚瑜,"2,212",宜蘭縣礁溪鄉
1,708000600000000,朱立倫,"2,855",宜蘭縣壯圍鄉
2,708000600000000,蔡英文,"8,542",宜蘭縣壯圍鄉
3,708000600000000,宋楚瑜,"1,335",宜蘭縣壯圍鄉
1,708000700000000,朱立倫,"3,576",宜蘭縣員山鄉
2,708000700000000,蔡英文,"11,324",宜蘭縣員山鄉
3,708000700000000,宋楚瑜,"1,863",宜蘭縣員山鄉
1,708000800000000,朱立倫,"5,660",宜蘭縣冬山鄉
2,708000800000000,蔡英文,"19,571",宜蘭縣冬山鄉
3,708000800000000,宋楚瑜,"2,937",宜蘭縣冬山鄉
1,708001000000000,朱立倫,"2,698",宜蘭縣三星鄉
2,708001000000000,蔡英文,"7,887",宜蘭縣三星鄉
3,708001000000000,宋楚瑜,"1,325",宜蘭縣三星鄉
1,708001100000000,朱立倫,"1,155",宜蘭縣大同鄉
2,708001100000000,蔡英文,625,宜蘭縣大同鄉
3,708001100000000,宋楚瑜,"1,068",宜蘭縣大同鄉
1,708000900000000,朱立倫,"4,424",宜蘭縣五結鄉
2,708000900000000,蔡英文,"14,350",宜蘭縣五結鄉
3,708000900000000,宋楚瑜,"2,379",宜蘭縣五結鄉
1,708001200000000,朱立倫,"1,361",宜蘭縣南澳鄉
2,708001200000000,蔡英文,407,宜蘭縣南澳鄉
3,708001200000000,宋楚瑜,912,宜蘭縣南澳鄉
1,701000500000000,朱立倫,"14,494",新竹縣湖口鄉
2,701000500000000,蔡英文,"15,034",新竹縣湖口鄉
3,701000500000000,宋楚瑜,"8,534",新竹縣湖口鄉
1,701000600000000,朱立倫,"9,032",新竹縣新豐鄉
2,701000600000000,蔡英文,"11,998",新竹縣新豐鄉
3,701000600000000,宋楚瑜,"6,149",新竹縣新豐鄉
1,701000100000000,朱立倫,"24,942",新竹縣竹北市
2,701000100000000,蔡英文,"38,244",新竹縣竹北市
3,701000100000000,宋楚瑜,"16,512",新竹縣竹北市
1,701000200000000,朱立倫,"18,414",新竹縣竹東鎮
2,701000200000000,蔡英文,"17,130",新竹縣竹東鎮
3,701000200000000,宋楚瑜,"11,811",新竹縣竹東鎮
1,701000300000000,朱立倫,"5,991",新竹縣新埔鎮
2,701000300000000,蔡英文,"9,047",新竹縣新埔鎮
3,701000300000000,宋楚瑜,"3,740",新竹縣新埔鎮
1,701000400000000,朱立倫,"5,954",新竹縣關西鎮
2,701000400000000,蔡英文,"7,114",新竹縣關西鎮
3,701000400000000,宋楚瑜,"3,107",新竹縣關西鎮
1,701000800000000,朱立倫,"3,088",新竹縣橫山鄉
2,701000800000000,蔡英文,"2,636",新竹縣橫山鄉
3,701000800000000,宋楚瑜,"1,650",新竹縣橫山鄉
1,701000700000000,朱立倫,"4,160",新竹縣芎林鄉
2,701000700000000,蔡英文,"4,498",新竹縣芎林鄉
3,701000700000000,宋楚瑜,"2,423",新竹縣芎林鄉
1,701000900000000,朱立倫,"1,892",新竹縣北埔鄉
2,701000900000000,蔡英文,"2,004",新竹縣北埔鄉
3,701000900000000,宋楚瑜,"1,228",新竹縣北埔鄉
1,701001000000000,朱立倫,"3,076",新竹縣寶山鄉
2,701001000000000,蔡英文,"3,266",新竹縣寶山鄉
3,701001000000000,宋楚瑜,"1,541",新竹縣寶山鄉
1,701001100000000,朱立倫,"1,187",新竹縣峨眉鄉
2,701001100000000,蔡英文,"1,564",新竹縣峨眉鄉
3,701001100000000,宋楚瑜,570,新竹縣峨眉鄉
1,701001200000000,朱立倫,"1,586",新竹縣尖石鄉
2,701001200000000,蔡英文,972,新竹縣尖石鄉
3,701001200000000,宋楚瑜,"1,373",新竹縣尖石鄉
1,701001300000000,朱立倫,787,新竹縣五峰鄉
2,701001300000000,蔡英文,516,新竹縣五峰鄉
3,701001300000000,宋楚瑜,872,新竹縣五峰鄉
1,702000100000000,朱立倫,"13,324",苗栗縣竹南鎮
2,702000100000000,蔡英文,"20,684",苗栗縣竹南鎮
3,702000100000000,宋楚瑜,"7,873",苗栗縣竹南鎮
1,702000200000000,朱立倫,"2,858",苗栗縣造橋鄉
2,702000200000000,蔡英文,"2,899",苗栗縣造橋鄉
3,702000200000000,宋楚瑜,"1,208",苗栗縣造橋鄉
1,702000300000000,朱立倫,"6,379",苗栗縣後龍鎮
2,702000300000000,蔡英文,"9,743",苗栗縣後龍鎮
3,702000300000000,宋楚瑜,"2,672",苗栗縣後龍鎮
1,702000400000000,朱立倫,"1,884",苗栗縣西湖鄉
2,702000400000000,蔡英文,"1,389",苗栗縣西湖鄉
3,702000400000000,宋楚瑜,729,苗栗縣西湖鄉
1,702000900000000,朱立倫,"19,694",苗栗縣頭份市
2,702000900000000,蔡英文,"19,700",苗栗縣頭份市
3,702000900000000,宋楚瑜,"9,618",苗栗縣頭份市
1,702000500000000,朱立倫,"5,751",苗栗縣通霄鎮
2,702000500000000,蔡英文,"10,776",苗栗縣通霄鎮
3,702000500000000,宋楚瑜,"2,648",苗栗縣通霄鎮
1,702001000000000,朱立倫,"1,666",苗栗縣三灣鄉
2,702001000000000,蔡英文,"1,609",苗栗縣三灣鄉
3,702001000000000,宋楚瑜,659,苗栗縣三灣鄉
1,702000600000000,朱立倫,"4,407",苗栗縣銅鑼鄉
2,702000600000000,蔡英文,"3,647",苗栗縣銅鑼鄉
3,702000600000000,宋楚瑜,"1,638",苗栗縣銅鑼鄉
1,702000700000000,朱立倫,"6,519",苗栗縣苑裡鎮
2,702000700000000,蔡英文,"16,057",苗栗縣苑裡鎮
3,702000700000000,宋楚瑜,"3,005",苗栗縣苑裡鎮
1,702000800000000,朱立倫,"3,866",苗栗縣三義鄉
2,702000800000000,蔡英文,"3,698",苗栗縣三義鄉
3,702000800000000,宋楚瑜,"1,649",苗栗縣三義鄉
1,702001100000000,朱立倫,"2,365",苗栗縣南庄鄉
2,702001100000000,蔡英文,"1,830",苗栗縣南庄鄉
3,702001100000000,宋楚瑜,"1,088",苗栗縣南庄鄉
1,702001200000000,朱立倫,"20,505",苗栗縣苗栗市
2,702001200000000,蔡英文,"18,223",苗栗縣苗栗市
3,702001200000000,宋楚瑜,"7,614",苗栗縣苗栗市
1,702001300000000,朱立倫,"2,757",苗栗縣頭屋鄉
2,702001300000000,蔡英文,"2,374",苗栗縣頭屋鄉
3,702001300000000,宋楚瑜,994,苗栗縣頭屋鄉
1,702001400000000,朱立倫,"1,185",苗栗縣獅潭鄉
2,702001400000000,蔡英文,888,苗栗縣獅潭鄉
3,702001400000000,宋楚瑜,429,苗栗縣獅潭鄉
1,702001500000000,朱立倫,"7,136",苗栗縣公館鄉
2,702001500000000,蔡英文,"7,559",苗栗縣公館鄉
3,702001500000000,宋楚瑜,"3,358",苗栗縣公館鄉
1,702001600000000,朱立倫,"3,189",苗栗縣大湖鄉
2,702001600000000,蔡英文,"3,110",苗栗縣大湖鄉
3,702001600000000,宋楚瑜,"1,309",苗栗縣大湖鄉
1,702001700000000,朱立倫,"1,362",苗栗縣泰安鄉
2,702001700000000,蔡英文,764,苗栗縣泰安鄉
3,702001700000000,宋楚瑜,"1,056",苗栗縣泰安鄉
1,702001800000000,朱立倫,"2,932",苗栗縣卓蘭鎮
2,702001800000000,蔡英文,"5,511",苗栗縣卓蘭鎮
3,702001800000000,宋楚瑜,"1,241",苗栗縣卓蘭鎮
1,703000100000000,朱立倫,"5,634",彰化縣伸港鄉
2,703000100000000,蔡英文,"9,868",彰化縣伸港鄉
3,703000100000000,宋楚瑜,"2,981",彰化縣伸港鄉
1,703000200000000,朱立倫,"2,835",彰化縣線西鄉
2,703000200000000,蔡英文,"4,214",彰化縣線西鄉
3,703000200000000,宋楚瑜,"1,669",彰化縣線西鄉
1,703000300000000,朱立倫,"13,666",彰化縣和美鎮
2,703000300000000,蔡英文,"26,319",彰化縣和美鎮
3,703000300000000,宋楚瑜,"7,420",彰化縣和美鎮
1,703000400000000,朱立倫,"12,025",彰化縣鹿港鎮
2,703000400000000,蔡英文,"27,375",彰化縣鹿港鎮
3,703000400000000,宋楚瑜,"6,368",彰化縣鹿港鎮
1,703000500000000,朱立倫,"6,524",彰化縣福興鄉
2,703000500000000,蔡英文,"15,127",彰化縣福興鄉
3,703000500000000,宋楚瑜,"3,613",彰化縣福興鄉
1,703000600000000,朱立倫,"5,823",彰化縣秀水鄉
2,703000600000000,蔡英文,"12,101",彰化縣秀水鄉
3,703000600000000,宋楚瑜,"2,973",彰化縣秀水鄉
1,703001000000000,朱立倫,"4,150",彰化縣芳苑鄉
2,703001000000000,蔡英文,"10,625",彰化縣芳苑鄉
3,703001000000000,宋楚瑜,"2,310",彰化縣芳苑鄉
1,703000700000000,朱立倫,"37,141",彰化縣彰化市
2,703000700000000,蔡英文,"67,694",彰化縣彰化市
3,703000700000000,宋楚瑜,"20,319",彰化縣彰化市
1,703000800000000,朱立倫,"7,727",彰化縣花壇鄉
2,703000800000000,蔡英文,"13,308",彰化縣花壇鄉
3,703000800000000,宋楚瑜,"3,846",彰化縣花壇鄉
1,703000900000000,朱立倫,"3,347",彰化縣芬園鄉
2,703000900000000,蔡英文,"8,144",彰化縣芬園鄉
3,703000900000000,宋楚瑜,"2,156",彰化縣芬園鄉
1,703001100000000,朱立倫,"8,543",彰化縣二林鎮
2,703001100000000,蔡英文,"13,510",彰化縣二林鎮
3,703001100000000,宋楚瑜,"3,754",彰化縣二林鎮
1,703001200000000,朱立倫,"5,755",彰化縣埔鹽鄉
2,703001200000000,蔡英文,"8,875",彰化縣埔鹽鄉
3,703001200000000,宋楚瑜,"2,632",彰化縣埔鹽鄉
1,703001300000000,朱立倫,"8,256",彰化縣溪湖鎮
2,703001300000000,蔡英文,"15,300",彰化縣溪湖鎮
3,703001300000000,宋楚瑜,"4,439",彰化縣溪湖鎮
1,703001400000000,朱立倫,"4,529",彰化縣埔心鄉
2,703001400000000,蔡英文,"11,196",彰化縣埔心鄉
3,703001400000000,宋楚瑜,"2,607",彰化縣埔心鄉
1,703001500000000,朱立倫,"2,551",彰化縣大城鄉
2,703001500000000,蔡英文,"4,355",彰化縣大城鄉
3,703001500000000,宋楚瑜,"1,300",彰化縣大城鄉
1,703001600000000,朱立倫,"2,081",彰化縣竹塘鄉
2,703001600000000,蔡英文,"5,187",彰化縣竹塘鄉
3,703001600000000,宋楚瑜,711,彰化縣竹塘鄉
1,703001700000000,朱立倫,"4,237",彰化縣埤頭鄉
2,703001700000000,蔡英文,"9,353",彰化縣埤頭鄉
3,703001700000000,宋楚瑜,"2,022",彰化縣埤頭鄉
1,703001800000000,朱立倫,"5,040",彰化縣北斗鎮
2,703001800000000,蔡英文,"9,530",彰化縣北斗鎮
3,703001800000000,宋楚瑜,"2,357",彰化縣北斗鎮
1,703001900000000,朱立倫,"3,704",彰化縣溪州鄉
2,703001900000000,蔡英文,"10,513",彰化縣溪州鄉
3,703001900000000,宋楚瑜,"1,882",彰化縣溪州鄉
1,703002300000000,朱立倫,"6,133",彰化縣社頭鄉
2,703002300000000,蔡英文,"13,541",彰化縣社頭鄉
3,703002300000000,宋楚瑜,"2,880",彰化縣社頭鄉
1,703002000000000,朱立倫,"5,314",彰化縣大村鄉
2,703002000000000,蔡英文,"10,862",彰化縣大村鄉
3,703002000000000,宋楚瑜,"2,745",彰化縣大村鄉
1,703002100000000,朱立倫,"19,318",彰化縣員林市
2,703002100000000,蔡英文,"34,982",彰化縣員林市
3,703002100000000,宋楚瑜,"9,404",彰化縣員林市
1,703002200000000,朱立倫,"5,520",彰化縣永靖鄉
2,703002200000000,蔡英文,"11,438",彰化縣永靖鄉
3,703002200000000,宋楚瑜,"2,756",彰化縣永靖鄉
1,703002400000000,朱立倫,"4,153",彰化縣田尾鄉
2,703002400000000,蔡英文,"8,201",彰化縣田尾鄉
3,703002400000000,宋楚瑜,"1,882",彰化縣田尾鄉
1,703002500000000,朱立倫,"6,580",彰化縣田中鎮
2,703002500000000,蔡英文,"12,088",彰化縣田中鎮
3,703002500000000,宋楚瑜,"2,702",彰化縣田中鎮
1,703002600000000,朱立倫,"2,531",彰化縣二水鄉
2,703002600000000,蔡英文,"5,030",彰化縣二水鄉
3,703002600000000,宋楚瑜,"1,079",彰化縣二水鄉
1,704000100000000,朱立倫,"15,804",南投縣草屯鎮
2,704000100000000,蔡英文,"27,856",南投縣草屯鎮
3,704000100000000,宋楚瑜,"8,224",南投縣草屯鎮
1,704000200000000,朱立倫,"3,235",南投縣國姓鄉
2,704000200000000,蔡英文,"4,922",南投縣國姓鄉
3,704000200000000,宋楚瑜,"1,724",南投縣國姓鄉
1,704000600000000,朱立倫,"2,362",南投縣魚池鄉
2,704000600000000,蔡英文,"4,481",南投縣魚池鄉
3,704000600000000,宋楚瑜,"1,051",南投縣魚池鄉
1,704000300000000,朱立倫,"13,637",南投縣埔里鎮
2,704000300000000,蔡英文,"20,110",南投縣埔里鎮
3,704000300000000,宋楚瑜,"6,412",南投縣埔里鎮
1,704000400000000,朱立倫,"3,424",南投縣仁愛鄉
2,704000400000000,蔡英文,"1,506",南投縣仁愛鄉
3,704000400000000,宋楚瑜,"1,749",南投縣仁愛鄉
1,704000500000000,朱立倫,"2,268",南投縣中寮鄉
2,704000500000000,蔡英文,"4,496",南投縣中寮鄉
3,704000500000000,宋楚瑜,"1,125",南投縣中寮鄉
1,704000700000000,朱立倫,"17,852",南投縣南投市
2,704000700000000,蔡英文,"26,668",南投縣南投市
3,704000700000000,宋楚瑜,"9,164",南投縣南投市
1,704000800000000,朱立倫,"5,359",南投縣名間鄉
2,704000800000000,蔡英文,"13,338",南投縣名間鄉
3,704000800000000,宋楚瑜,"2,612",南投縣名間鄉
1,704000900000000,朱立倫,"1,819",南投縣集集鎮
2,704000900000000,蔡英文,"3,121",南投縣集集鎮
3,704000900000000,宋楚瑜,922,南投縣集集鎮
1,704001000000000,朱立倫,"8,490",南投縣竹山鎮
2,704001000000000,蔡英文,"16,788",南投縣竹山鎮
3,704001000000000,宋楚瑜,"3,659",南投縣竹山鎮
1,704001100000000,朱立倫,"3,045",南投縣鹿谷鄉
2,704001100000000,蔡英文,"5,190",南投縣鹿谷鄉
3,704001100000000,宋楚瑜,"1,473",南投縣鹿谷鄉
1,704001200000000,朱立倫,"3,020",南投縣水里鄉
2,704001200000000,蔡英文,"4,771",南投縣水里鄉
3,704001200000000,宋楚瑜,"1,537",南投縣水里鄉
1,704001300000000,朱立倫,"3,289",南投縣信義鄉
2,704001300000000,蔡英文,"2,857",南投縣信義鄉
3,704001300000000,宋楚瑜,"1,216",南投縣信義鄉
1,705000100000000,朱立倫,"5,329",雲林縣麥寮鄉
2,705000100000000,蔡英文,"9,969",雲林縣麥寮鄉
3,705000100000000,宋楚瑜,"2,734",雲林縣麥寮鄉
1,705000200000000,朱立倫,"3,699",雲林縣臺西鄉
2,705000200000000,蔡英文,"6,092",雲林縣臺西鄉
3,705000200000000,宋楚瑜,"1,712",雲林縣臺西鄉
1,705000300000000,朱立倫,"2,195",雲林縣東勢鄉
2,705000300000000,蔡英文,"4,436",雲林縣東勢鄉
3,705000300000000,宋楚瑜,901,雲林縣東勢鄉
1,705000400000000,朱立倫,"1,875",雲林縣褒忠鄉
2,705000400000000,蔡英文,"4,249",雲林縣褒忠鄉
3,705000400000000,宋楚瑜,797,雲林縣褒忠鄉
1,705000500000000,朱立倫,"3,483",雲林縣土庫鎮
2,705000500000000,蔡英文,"9,628",雲林縣土庫鎮
3,705000500000000,宋楚瑜,"1,848",雲林縣土庫鎮
1,705000600000000,朱立倫,"10,254",雲林縣虎尾鎮
2,705000600000000,蔡英文,"20,093",雲林縣虎尾鎮
3,705000600000000,宋楚瑜,"4,650",雲林縣虎尾鎮
1,705000700000000,朱立倫,"2,794",雲林縣四湖鄉
2,705000700000000,蔡英文,"6,954",雲林縣四湖鄉
3,705000700000000,宋楚瑜,"1,256",雲林縣四湖鄉
1,705000800000000,朱立倫,"2,909",雲林縣元長鄉
2,705000800000000,蔡英文,"8,804",雲林縣元長鄉
3,705000800000000,宋楚瑜,"1,297",雲林縣元長鄉
1,705000900000000,朱立倫,"2,807",雲林縣口湖鄉
2,705000900000000,蔡英文,"8,713",雲林縣口湖鄉
3,705000900000000,宋楚瑜,"1,637",雲林縣口湖鄉
1,705001000000000,朱立倫,"2,223",雲林縣水林鄉
2,705001000000000,蔡英文,"9,705",雲林縣水林鄉
3,705001000000000,宋楚瑜,"1,302",雲林縣水林鄉
1,705001100000000,朱立倫,"4,729",雲林縣北港鎮
2,705001100000000,蔡英文,"14,214",雲林縣北港鎮
3,705001100000000,宋楚瑜,"2,413",雲林縣北港鎮
1,705001200000000,朱立倫,"2,732",雲林縣崙背鄉
2,705001200000000,蔡英文,"8,342",雲林縣崙背鄉
3,705001200000000,宋楚瑜,"1,154",雲林縣崙背鄉
1,705001300000000,朱立倫,"2,358",雲林縣二崙鄉
2,705001300000000,蔡英文,"10,660",雲林縣二崙鄉
3,705001300000000,宋楚瑜,980,雲林縣二崙鄉
1,705001500000000,朱立倫,"3,029",雲林縣莿桐鄉
2,705001500000000,蔡英文,"10,888",雲林縣莿桐鄉
3,705001500000000,宋楚瑜,"1,487",雲林縣莿桐鄉
1,705001400000000,朱立倫,"4,666",雲林縣西螺鎮
2,705001400000000,蔡英文,"16,585",雲林縣西螺鎮
3,705001400000000,宋楚瑜,"2,080",雲林縣西螺鎮
1,705001600000000,朱立倫,"2,377",雲林縣林內鄉
2,705001600000000,蔡英文,"6,046",雲林縣林內鄉
3,705001600000000,宋楚瑜,"1,114",雲林縣林內鄉
1,705001700000000,朱立倫,"16,461",雲林縣斗六市
2,705001700000000,蔡英文,"30,661",雲林縣斗六市
3,705001700000000,宋楚瑜,"7,363",雲林縣斗六市
1,705001800000000,朱立倫,"2,196",雲林縣大埤鄉
2,705001800000000,蔡英文,"6,767",雲林縣大埤鄉
3,705001800000000,宋楚瑜,"1,054",雲林縣大埤鄉
1,705001900000000,朱立倫,"6,147",雲林縣斗南鎮
2,705001900000000,蔡英文,"14,939",雲林縣斗南鎮
3,705001900000000,宋楚瑜,"2,704",雲林縣斗南鎮
1,705002000000000,朱立倫,"3,784",雲林縣古坑鄉
2,705002000000000,蔡英文,"11,097",雲林縣古坑鄉
3,705002000000000,宋楚瑜,"1,753",雲林縣古坑鄉
1,706000100000000,朱立倫,"2,693",嘉義縣六腳鄉
2,706000100000000,蔡英文,"10,037",嘉義縣六腳鄉
3,706000100000000,宋楚瑜,"1,490",嘉義縣六腳鄉
1,706000200000000,朱立倫,"3,839",嘉義縣東石鄉
2,706000200000000,蔡英文,"9,252",嘉義縣東石鄉
3,706000200000000,宋楚瑜,"2,095",嘉義縣東石鄉
1,706000300000000,朱立倫,"5,442",嘉義縣朴子市
2,706000300000000,蔡英文,"14,915",嘉義縣朴子市
3,706000300000000,宋楚瑜,"2,433",嘉義縣朴子市
1,706000400000000,朱立倫,"4,630",嘉義縣太保市
2,706000400000000,蔡英文,"12,959",嘉義縣太保市
3,706000400000000,宋楚瑜,"2,409",嘉義縣太保市
1,706000500000000,朱立倫,"4,419",嘉義縣布袋鎮
2,706000500000000,蔡英文,"10,116",嘉義縣布袋鎮
3,706000500000000,宋楚瑜,"1,809",嘉義縣布袋鎮
1,706000600000000,朱立倫,"3,038",嘉義縣義竹鄉
2,706000600000000,蔡英文,"7,569",嘉義縣義竹鄉
3,706000600000000,宋楚瑜,"1,053",嘉義縣義竹鄉
1,706000700000000,朱立倫,"2,218",嘉義縣鹿草鄉
2,706000700000000,蔡英文,"6,370",嘉義縣鹿草鄉
3,706000700000000,宋楚瑜,860,嘉義縣鹿草鄉
1,706000800000000,朱立倫,"7,109",嘉義縣水上鄉
2,706000800000000,蔡英文,"18,041",嘉義縣水上鄉
3,706000800000000,宋楚瑜,"3,543",嘉義縣水上鄉
1,706000900000000,朱立倫,"1,454",嘉義縣溪口鄉
2,706000900000000,蔡英文,"6,040",嘉義縣溪口鄉
3,706000900000000,宋楚瑜,648,嘉義縣溪口鄉
1,706001000000000,朱立倫,"4,039",嘉義縣大林鎮
2,706001000000000,蔡英文,"10,772",嘉義縣大林鎮
3,706001000000000,宋楚瑜,"1,920",嘉義縣大林鎮
1,706001100000000,朱立倫,"2,410",嘉義縣梅山鄉
2,706001100000000,蔡英文,"6,648",嘉義縣梅山鄉
3,706001100000000,宋楚瑜,"1,229",嘉義縣梅山鄉
1,706001200000000,朱立倫,"3,130",嘉義縣新港鄉
2,706001200000000,蔡英文,"12,706",嘉義縣新港鄉
3,706001200000000,宋楚瑜,"1,305",嘉義縣新港鄉
1,706001300000000,朱立倫,"8,930",嘉義縣民雄鄉
2,706001300000000,蔡英文,"24,344",嘉義縣民雄鄉
3,706001300000000,宋楚瑜,"4,404",嘉義縣民雄鄉
1,706001400000000,朱立倫,"4,037",嘉義縣竹崎鄉
2,706001400000000,蔡英文,"12,637",嘉義縣竹崎鄉
3,706001400000000,宋楚瑜,"2,282",嘉義縣竹崎鄉
1,706001700000000,朱立倫,"1,177",嘉義縣阿里山鄉
2,706001700000000,蔡英文,937,嘉義縣阿里山鄉
3,706001700000000,宋楚瑜,396,嘉義縣阿里山鄉
1,706001500000000,朱立倫,"5,050",嘉義縣中埔鄉
2,706001500000000,蔡英文,"14,820",嘉義縣中埔鄉
3,706001500000000,宋楚瑜,"2,613",嘉義縣中埔鄉
1,706001600000000,朱立倫,"1,356",嘉義縣番路鄉
2,706001600000000,蔡英文,"3,813",嘉義縣番路鄉
3,706001600000000,宋楚瑜,732,嘉義縣番路鄉
1,706001800000000,朱立倫,454,嘉義縣大埔鄉
2,706001800000000,蔡英文,937,嘉義縣大埔鄉
3,706001800000000,宋楚瑜,248,嘉義縣大埔鄉
1,707000100000000,朱立倫,"2,797",屏東縣里港鄉
2,707000100000000,蔡英文,"10,698",屏東縣里港鄉
3,707000100000000,宋楚瑜,"1,193",屏東縣里港鄉
1,707000200000000,朱立倫,"2,454",屏東縣高樹鄉
2,707000200000000,蔡英文,"10,440",屏東縣高樹鄉
3,707000200000000,宋楚瑜,868,屏東縣高樹鄉
1,707000300000000,朱立倫,"2,360",屏東縣三地門鄉
2,707000300000000,蔡英文,847,屏東縣三地門鄉
3,707000300000000,宋楚瑜,707,屏東縣三地門鄉
1,707000400000000,朱立倫,"1,091",屏東縣霧臺鄉
2,707000400000000,蔡英文,447,屏東縣霧臺鄉
3,707000400000000,宋楚瑜,315,屏東縣霧臺鄉
1,707000500000000,朱立倫,"2,144",屏東縣九如鄉
2,707000500000000,蔡英文,"9,396",屏東縣九如鄉
3,707000500000000,宋楚瑜,888,屏東縣九如鄉
1,707000600000000,朱立倫,"3,693",屏東縣鹽埔鄉
2,707000600000000,蔡英文,"8,844",屏東縣鹽埔鄉
3,707000600000000,宋楚瑜,"1,240",屏東縣鹽埔鄉
1,707000700000000,朱立倫,"4,280",屏東縣長治鄉
2,707000700000000,蔡英文,"10,940",屏東縣長治鄉
3,707000700000000,宋楚瑜,"1,319",屏東縣長治鄉
1,707000800000000,朱立倫,"6,970",屏東縣內埔鄉
2,707000800000000,蔡英文,"19,987",屏東縣內埔鄉
3,707000800000000,宋楚瑜,"2,427",屏東縣內埔鄉
1,707000900000000,朱立倫,"2,162",屏東縣瑪家鄉
2,707000900000000,蔡英文,677,屏東縣瑪家鄉
3,707000900000000,宋楚瑜,718,屏東縣瑪家鄉
1,707001000000000,朱立倫,"1,540",屏東縣泰武鄉
2,707001000000000,蔡英文,510,屏東縣泰武鄉
3,707001000000000,宋楚瑜,759,屏東縣泰武鄉
1,707001100000000,朱立倫,"2,386",屏東縣竹田鄉
2,707001100000000,蔡英文,"7,240",屏東縣竹田鄉
3,707001100000000,宋楚瑜,682,屏東縣竹田鄉
1,707001200000000,朱立倫,"2,396",屏東縣萬巒鄉
2,707001200000000,蔡英文,"8,273",屏東縣萬巒鄉
3,707001200000000,宋楚瑜,708,屏東縣萬巒鄉
1,707001300000000,朱立倫,"7,570",屏東縣潮州鎮
2,707001300000000,蔡英文,"18,296",屏東縣潮州鎮
3,707001300000000,宋楚瑜,"2,678",屏東縣潮州鎮
1,707001400000000,朱立倫,"35,478",屏東縣屏東市
2,707001400000000,蔡英文,"63,748",屏東縣屏東市
3,707001400000000,宋楚瑜,"11,508",屏東縣屏東市
1,707001500000000,朱立倫,"1,588",屏東縣麟洛鄉
2,707001500000000,蔡英文,"4,875",屏東縣麟洛鄉
3,707001500000000,宋楚瑜,608,屏東縣麟洛鄉
1,707001600000000,朱立倫,"7,042",屏東縣萬丹鄉
2,707001600000000,蔡英文,"20,347",屏東縣萬丹鄉
3,707001600000000,宋楚瑜,"2,386",屏東縣萬丹鄉
1,707001800000000,朱立倫,"1,594",屏東縣崁頂鄉
2,707001800000000,蔡英文,"5,720",屏東縣崁頂鄉
3,707001800000000,宋楚瑜,572,屏東縣崁頂鄉
1,707001900000000,朱立倫,"1,463",屏東縣南州鄉
2,707001900000000,蔡英文,"4,292",屏東縣南州鄉
3,707001900000000,宋楚瑜,522,屏東縣南州鄉
1,707001700000000,朱立倫,"3,663",屏東縣新園鄉
2,707001700000000,蔡英文,"15,202",屏東縣新園鄉
3,707001700000000,宋楚瑜,"1,619",屏東縣新園鄉
1,707002000000000,朱立倫,"1,379",屏東縣新埤鄉
2,707002000000000,蔡英文,"3,712",屏東縣新埤鄉
3,707002000000000,宋楚瑜,517,屏東縣新埤鄉
1,707002100000000,朱立倫,"2,562",屏東縣來義鄉
2,707002100000000,蔡英文,708,屏東縣來義鄉
3,707002100000000,宋楚瑜,730,屏東縣來義鄉
1,707002200000000,朱立倫,"5,250",屏東縣東港鎮
2,707002200000000,蔡英文,"17,470",屏東縣東港鎮
3,707002200000000,宋楚瑜,"2,318",屏東縣東港鎮
1,707002300000000,朱立倫,"2,377",屏東縣林邊鄉
2,707002300000000,蔡英文,"7,268",屏東縣林邊鄉
3,707002300000000,宋楚瑜,668,屏東縣林邊鄉
1,707002400000000,朱立倫,"2,241",屏東縣佳冬鄉
2,707002400000000,蔡英文,"7,704",屏東縣佳冬鄉
3,707002400000000,宋楚瑜,745,屏東縣佳冬鄉
1,707002500000000,朱立倫,"3,241",屏東縣枋寮鄉
2,707002500000000,蔡英文,"8,693",屏東縣枋寮鄉
3,707002500000000,宋楚瑜,"1,052",屏東縣枋寮鄉
1,707002800000000,朱立倫,"1,374",屏東縣獅子鄉
2,707002800000000,蔡英文,483,屏東縣獅子鄉
3,707002800000000,宋楚瑜,646,屏東縣獅子鄉
1,707002600000000,朱立倫,"1,340",屏東縣春日鄉
2,707002600000000,蔡英文,328,屏東縣春日鄉
3,707002600000000,宋楚瑜,656,屏東縣春日鄉
1,707002700000000,朱立倫,615,屏東縣枋山鄉
2,707002700000000,蔡英文,"2,203",屏東縣枋山鄉
3,707002700000000,宋楚瑜,144,屏東縣枋山鄉
1,707002900000000,朱立倫,"1,119",屏東縣牡丹鄉
2,707002900000000,蔡英文,420,屏東縣牡丹鄉
3,707002900000000,宋楚瑜,703,屏東縣牡丹鄉
1,707003000000000,朱立倫,996,屏東縣車城鄉
2,707003000000000,蔡英文,"2,958",屏東縣車城鄉
3,707003000000000,宋楚瑜,316,屏東縣車城鄉
1,707003100000000,朱立倫,968,屏東縣滿州鄉
2,707003100000000,蔡英文,"2,136",屏東縣滿州鄉
3,707003100000000,宋楚瑜,428,屏東縣滿州鄉
1,707003200000000,朱立倫,"3,662",屏東縣恆春鎮
2,707003200000000,蔡英文,"8,063",屏東縣恆春鎮
3,707003200000000,宋楚瑜,"1,469",屏東縣恆春鎮
1,707003300000000,朱立倫,"1,496",屏東縣琉球鄉
2,707003300000000,蔡英文,"2,372",屏東縣琉球鄉
3,707003300000000,宋楚瑜,659,屏東縣琉球鄉
1,710000200000000,朱立倫,"2,982",臺東縣成功鎮
2,710000200000000,蔡英文,"1,754",臺東縣成功鎮
3,710000200000000,宋楚瑜,"1,123",臺東縣成功鎮
1,710000300000000,朱立倫,"1,769",臺東縣關山鎮
2,710000300000000,蔡英文,"1,473",臺東縣關山鎮
3,710000300000000,宋楚瑜,577,臺東縣關山鎮
1,710000100000000,朱立倫,"20,190",臺東縣臺東市
2,710000100000000,蔡英文,"20,811",臺東縣臺東市
3,710000100000000,宋楚瑜,"8,076",臺東縣臺東市
1,710000600000000,朱立倫,"1,461",臺東縣池上鄉
2,710000600000000,蔡英文,"1,603",臺東縣池上鄉
3,710000600000000,宋楚瑜,488,臺東縣池上鄉
1,710000400000000,朱立倫,"3,374",臺東縣卑南鄉
2,710000400000000,蔡英文,"3,596",臺東縣卑南鄉
3,710000400000000,宋楚瑜,"1,338",臺東縣卑南鄉
1,710000700000000,朱立倫,"1,926",臺東縣東河鄉
2,710000700000000,蔡英文,"1,227",臺東縣東河鄉
3,710000700000000,宋楚瑜,647,臺東縣東河鄉
1,710000800000000,朱立倫,"1,648",臺東縣長濱鄉
2,710000800000000,蔡英文,953,臺東縣長濱鄉
3,710000800000000,宋楚瑜,473,臺東縣長濱鄉
1,710000900000000,朱立倫,"2,271",臺東縣太麻里鄉
2,710000900000000,蔡英文,"2,037",臺東縣太麻里鄉
3,710000900000000,宋楚瑜,852,臺東縣太麻里鄉
1,710001000000000,朱立倫,"1,320",臺東縣大武鄉
2,710001000000000,蔡英文,756,臺東縣大武鄉
3,710001000000000,宋楚瑜,423,臺東縣大武鄉
1,710000500000000,朱立倫,"1,406",臺東縣鹿野鄉
2,710000500000000,蔡英文,"1,671",臺東縣鹿野鄉
3,710000500000000,宋楚瑜,553,臺東縣鹿野鄉
1,710001100000000,朱立倫,535,臺東縣綠島鄉
2,710001100000000,蔡英文,247,臺東縣綠島鄉
3,710001100000000,宋楚瑜,300,臺東縣綠島鄉
1,710001200000000,朱立倫,"1,070",臺東縣海端鄉
2,710001200000000,蔡英文,337,臺東縣海端鄉
3,710001200000000,宋楚瑜,329,臺東縣海端鄉
1,710001300000000,朱立倫,990,臺東縣延平鄉
2,710001300000000,蔡英文,335,臺東縣延平鄉
3,710001300000000,宋楚瑜,231,臺東縣延平鄉
1,710001400000000,朱立倫,"1,184",臺東縣金峰鄉
2,710001400000000,蔡英文,166,臺東縣金峰鄉
3,710001400000000,宋楚瑜,309,臺東縣金峰鄉
1,710001500000000,朱立倫,"1,073",臺東縣達仁鄉
2,710001500000000,蔡英文,252,臺東縣達仁鄉
3,710001500000000,宋楚瑜,229,臺東縣達仁鄉
1,710001600000000,朱立倫,382,臺東縣蘭嶼鄉
2,710001600000000,蔡英文,299,臺東縣蘭嶼鄉
3,710001600000000,宋楚瑜,617,臺東縣蘭嶼鄉
1,709000100000000,朱立倫,"23,381",花蓮縣花蓮市
2,709000100000000,蔡英文,"19,917",花蓮縣花蓮市
3,709000100000000,宋楚瑜,"7,125",花蓮縣花蓮市
1,709000200000000,朱立倫,"4,550",花蓮縣新城鄉
2,709000200000000,蔡英文,"3,332",花蓮縣新城鄉
3,709000200000000,宋楚瑜,"1,580",花蓮縣新城鄉
1,709000400000000,朱立倫,"18,097",花蓮縣吉安鄉
2,709000400000000,蔡英文,"16,110",花蓮縣吉安鄉
3,709000400000000,宋楚瑜,"6,358",花蓮縣吉安鄉
1,709000500000000,朱立倫,"4,069",花蓮縣壽豐鄉
2,709000500000000,蔡英文,"3,585",花蓮縣壽豐鄉
3,709000500000000,宋楚瑜,"1,256",花蓮縣壽豐鄉
1,709000300000000,朱立倫,"3,214",花蓮縣秀林鄉
2,709000300000000,蔡英文,"1,770",花蓮縣秀林鄉
3,709000300000000,宋楚瑜,"1,534",花蓮縣秀林鄉
1,709000600000000,朱立倫,"2,809",花蓮縣鳳林鎮
2,709000600000000,蔡英文,"2,071",花蓮縣鳳林鎮
3,709000600000000,宋楚瑜,709,花蓮縣鳳林鎮
1,709000700000000,朱立倫,"3,354",花蓮縣光復鄉
2,709000700000000,蔡英文,"1,826",花蓮縣光復鄉
3,709000700000000,宋楚瑜,982,花蓮縣光復鄉
1,709000800000000,朱立倫,"1,226",花蓮縣豐濱鄉
2,709000800000000,蔡英文,453,花蓮縣豐濱鄉
3,709000800000000,宋楚瑜,261,花蓮縣豐濱鄉
1,709000900000000,朱立倫,"1,569",花蓮縣萬榮鄉
2,709000900000000,蔡英文,537,花蓮縣萬榮鄉
3,709000900000000,宋楚瑜,469,花蓮縣萬榮鄉
1,709001000000000,朱立倫,"2,678",花蓮縣瑞穗鄉
2,709001000000000,蔡英文,"1,853",花蓮縣瑞穗鄉
3,709001000000000,宋楚瑜,786,花蓮縣瑞穗鄉
1,709001200000000,朱立倫,"2,147",花蓮縣富里鄉
2,709001200000000,蔡英文,"1,683",花蓮縣富里鄉
3,709001200000000,宋楚瑜,651,花蓮縣富里鄉
1,709001100000000,朱立倫,"5,167",花蓮縣玉里鎮
2,709001100000000,蔡英文,"3,723",花蓮縣玉里鎮
3,709001100000000,宋楚瑜,"1,655",花蓮縣玉里鎮
1,709001300000000,朱立倫,"1,633",花蓮縣卓溪鄉
2,709001300000000,蔡英文,338,花蓮縣卓溪鄉
3,709001300000000,宋楚瑜,385,花蓮縣卓溪鄉
1,711000400000000,朱立倫,900,澎湖縣西嶼鄉
2,711000400000000,蔡英文,"1,875",澎湖縣西嶼鄉
3,711000400000000,宋楚瑜,608,澎湖縣西嶼鄉
1,711000100000000,朱立倫,"8,536",澎湖縣馬公市
2,711000100000000,蔡英文,"13,328",澎湖縣馬公市
3,711000100000000,宋楚瑜,"5,313",澎湖縣馬公市
1,711000200000000,朱立倫,"1,515",澎湖縣湖西鄉
2,711000200000000,蔡英文,"3,717",澎湖縣湖西鄉
3,711000200000000,宋楚瑜,"1,064",澎湖縣湖西鄉
1,711000300000000,朱立倫,"1,155",澎湖縣白沙鄉
2,711000300000000,蔡英文,"1,796",澎湖縣白沙鄉
3,711000300000000,宋楚瑜,642,澎湖縣白沙鄉
1,711000500000000,朱立倫,267,澎湖縣望安鄉
2,711000500000000,蔡英文,641,澎湖縣望安鄉
3,711000500000000,宋楚瑜,289,澎湖縣望安鄉
1,712000100000000,朱立倫,"9,600",基隆市中正區
2,712000100000000,蔡英文,"12,660",基隆市中正區
3,712000100000000,宋楚瑜,"4,555",基隆市中正區
1,711000600000000,朱立倫,191,澎湖縣七美鄉
2,711000600000000,蔡英文,301,澎湖縣七美鄉
3,711000600000000,宋楚瑜,485,澎湖縣七美鄉
1,712000200000000,朱立倫,"10,917",基隆市信義區
2,712000200000000,蔡英文,"12,227",基隆市信義區
3,712000200000000,宋楚瑜,"4,590",基隆市信義區
1,712000300000000,朱立倫,"7,847",基隆市仁愛區
2,712000300000000,蔡英文,"12,182",基隆市仁愛區
3,712000300000000,宋楚瑜,"3,590",基隆市仁愛區
1,712000400000000,朱立倫,"8,333",基隆市中山區
2,712000400000000,蔡英文,"12,654",基隆市中山區
3,712000400000000,宋楚瑜,"4,474",基隆市中山區
1,712000700000000,朱立倫,"9,264",基隆市七堵區
2,712000700000000,蔡英文,"14,567",基隆市七堵區
3,712000700000000,宋楚瑜,"4,441",基隆市七堵區
1,713000100000000,朱立倫,"36,596",新竹市東區
2,713000100000000,蔡英文,"49,812",新竹市東區
3,713000100000000,宋楚瑜,"17,017",新竹市東區
1,713000200000000,朱立倫,"24,161",新竹市北區
2,713000200000000,蔡英文,"40,911",新竹市北區
3,713000200000000,宋楚瑜,"12,549",新竹市北區
1,712000500000000,朱立倫,"15,160",基隆市安樂區
2,712000500000000,蔡英文,"20,205",基隆市安樂區
3,712000500000000,宋楚瑜,"6,841",基隆市安樂區
1,712000600000000,朱立倫,"7,236",基隆市暖暖區
2,712000600000000,蔡英文,"8,907",基隆市暖暖區
3,712000600000000,宋楚瑜,"3,464",基隆市暖暖區
1,713000300000000,朱立倫,"11,014",新竹市香山區
2,713000300000000,蔡英文,"22,663",新竹市香山區
3,713000300000000,宋楚瑜,"6,632",新竹市香山區
1,714000100000000,朱立倫,"19,082",嘉義市東區
2,714000100000000,蔡英文,"36,592",嘉義市東區
3,714000100000000,宋楚瑜,"7,776",嘉義市東區
1,714000200000000,朱立倫,"19,740",嘉義市西區
2,714000200000000,蔡英文,"46,551",嘉義市西區
3,714000200000000,宋楚瑜,"9,150",嘉義市西區
1,801000100000000,朱立倫,"7,899",金門縣金城鎮
2,801000100000000,蔡英文,"2,103",金門縣金城鎮
3,801000100000000,宋楚瑜,"1,807",金門縣金城鎮
1,801000200000000,朱立倫,"4,910",金門縣金寧鄉
2,801000200000000,蔡英文,"1,813",金門縣金寧鄉
3,801000200000000,宋楚瑜,"1,400",金門縣金寧鄉
1,801000300000000,朱立倫,"2,280",金門縣烈嶼鄉
2,801000300000000,蔡英文,375,金門縣烈嶼鄉
3,801000300000000,宋楚瑜,457,金門縣烈嶼鄉
1,801000400000000,朱立倫,64,金門縣烏坵鄉
2,801000400000000,蔡英文,12,金門縣烏坵鄉
3,801000400000000,宋楚瑜,5,金門縣烏坵鄉
1,801000500000000,朱立倫,"5,314",金門縣金湖鎮
2,801000500000000,蔡英文,"1,516",金門縣金湖鎮
3,801000500000000,宋楚瑜,"1,357",金門縣金湖鎮
1,801000600000000,朱立倫,"3,860",金門縣金沙鎮
2,801000600000000,蔡英文,807,金門縣金沙鎮
3,801000600000000,宋楚瑜,826,金門縣金沙鎮
1,802000200000000,朱立倫,573,連江縣北竿鄉
2,802000200000000,蔡英文,124,連江縣北竿鄉
3,802000200000000,宋楚瑜,105,連江縣北竿鄉
1,802000100000000,朱立倫,"1,880",連江縣南竿鄉
2,802000100000000,蔡英文,453,連江縣南竿鄉
3,802000100000000,宋楚瑜,342,連江縣南竿鄉
1,802000300000000,朱立倫,318,連江縣莒光鄉
2,802000300000000,蔡英文,80,連江縣莒光鄉
3,802000300000000,宋楚瑜,97,連江縣莒光鄉
1,802000400000000,朱立倫,294,連江縣東引鄉
2,802000400000000,蔡英文,82,連江縣東引鄉
3,802000400000000,宋楚瑜,120,連江縣東引鄉
